WorkingHourID,StoreID,Date,OpenTime,CloseTime,TotalWorkingHours
WorkHour1,Store8,2023-01-03,08:00:00,19:00:00,11
WorkHour2,Store1,2023-08-19,09:00:00,19:00:00,10
WorkHour3,Store6,2022-09-08,10:00:00,21:00:00,11
WorkHour4,Store2,2022-05-13,10:00:00,19:00:00,9
WorkHour5,Store5,2021-07-17,09:00:00,19:00:00,10
WorkHour6,Store6,2021-02-02,10:00:00,19:00:00,9
WorkHour7,Store6,2021-11-30,08:00:00,19:00:00,11
WorkHour8,Store6,2021-08-22,10:00:00,18:00:00,8
WorkHour9,Store2,2022-06-14,08:00:00,19:00:00,11
WorkHour10,Store3,2023-06-06,09:00:00,21:00:00,12
WorkHour11,Store6,2023-03-30,09:00:00,19:00:00,10
WorkHour12,Store4,2023-08-11,08:00:00,19:00:00,11
WorkHour13,Store1,2023-01-14,08:00:00,18:00:00,10
WorkHour14,Store4,2022-03-04,10:00:00,19:00:00,9
WorkHour15,Store2,2023-10-02,08:00:00,19:00:00,11
WorkHour16,Store8,2022-07-24,09:00:00,20:00:00,11
WorkHour17,Store6,2021-05-31,09:00:00,19:00:00,10
WorkHour18,Store7,2023-05-28,10:00:00,21:00:00,11
WorkHour19,Store7,2021-12-11,08:00:00,20:00:00,12
WorkHour20,Store7,2023-07-23,08:00:00,20:00:00,12
WorkHour21,Store2,2022-09-13,10:00:00,21:00:00,11
WorkHour22,Store1,2021-05-30,09:00:00,21:00:00,12
WorkHour23,Store7,2023-01-15,08:00:00,19:00:00,11
WorkHour24,Store6,2021-09-24,10:00:00,19:00:00,9
WorkHour25,Store2,2021-05-11,10:00:00,19:00:00,9
WorkHour26,Store4,2021-05-27,10:00:00,20:00:00,10
WorkHour27,Store2,2022-08-26,10:00:00,21:00:00,11
WorkHour28,Store4,2023-06-22,08:00:00,18:00:00,10
WorkHour29,Store7,2022-01-10,10:00:00,18:00:00,8
WorkHour30,Store8,2022-05-19,08:00:00,19:00:00,11
WorkHour31,Store6,2023-11-01,09:00:00,21:00:00,12
WorkHour32,Store8,2023-10-09,10:00:00,19:00:00,9
WorkHour33,Store3,2021-03-12,10:00:00,20:00:00,10
WorkHour34,Store6,2021-09-18,09:00:00,20:00:00,11
WorkHour35,Store5,2022-11-27,10:00:00,18:00:00,8
WorkHour36,Store1,2023-05-11,08:00:00,21:00:00,13
WorkHour37,Store2,2021-08-22,09:00:00,21:00:00,12
WorkHour38,Store7,2023-11-05,09:00:00,20:00:00,11
WorkHour39,Store6,2022-09-09,08:00:00,21:00:00,13
WorkHour40,Store1,2022-04-28,08:00:00,18:00:00,10
WorkHour41,Store2,2023-11-10,09:00:00,19:00:00,10
WorkHour42,Store8,2023-01-30,10:00:00,21:00:00,11
WorkHour43,Store8,2022-04-17,08:00:00,21:00:00,13
WorkHour44,Store7,2021-06-11,08:00:00,18:00:00,10
WorkHour45,Store3,2022-10-01,08:00:00,18:00:00,10
WorkHour46,Store7,2023-11-24,09:00:00,19:00:00,10
WorkHour47,Store7,2023-01-01,10:00:00,18:00:00,8
WorkHour48,Store4,2023-01-24,08:00:00,20:00:00,12
WorkHour49,Store1,2023-11-11,09:00:00,20:00:00,11
WorkHour50,Store3,2023-01-07,09:00:00,19:00:00,10
WorkHour51,Store3,2021-06-16,10:00:00,19:00:00,9
WorkHour52,Store5,2021-06-21,09:00:00,21:00:00,12
WorkHour53,Store3,2023-04-03,09:00:00,20:00:00,11
WorkHour54,Store5,2021-07-18,08:00:00,20:00:00,12
WorkHour55,Store7,2021-02-19,08:00:00,20:00:00,12
WorkHour56,Store3,2021-11-26,08:00:00,20:00:00,12
WorkHour57,Store7,2021-10-21,09:00:00,18:00:00,9
WorkHour58,Store4,2021-10-07,10:00:00,20:00:00,10
WorkHour59,Store8,2021-12-30,10:00:00,19:00:00,9
WorkHour60,Store8,2022-07-25,10:00:00,21:00:00,11
WorkHour61,Store3,2021-06-03,09:00:00,21:00:00,12
WorkHour62,Store8,2023-09-20,08:00:00,19:00:00,11
WorkHour63,Store8,2023-08-04,09:00:00,20:00:00,11
WorkHour64,Store8,2022-11-29,08:00:00,18:00:00,10
WorkHour65,Store6,2021-09-29,09:00:00,20:00:00,11
WorkHour66,Store4,2022-03-19,09:00:00,20:00:00,11
WorkHour67,Store2,2022-05-28,10:00:00,19:00:00,9
WorkHour68,Store8,2023-03-20,09:00:00,21:00:00,12
WorkHour69,Store3,2022-02-16,10:00:00,21:00:00,11
WorkHour70,Store7,2023-11-05,09:00:00,21:00:00,12
WorkHour71,Store3,2021-03-21,10:00:00,19:00:00,9
WorkHour72,Store2,2022-11-17,09:00:00,18:00:00,9
WorkHour73,Store7,2022-06-28,09:00:00,18:00:00,9
WorkHour74,Store5,2021-03-30,08:00:00,21:00:00,13
WorkHour75,Store4,2023-08-29,08:00:00,21:00:00,13
WorkHour76,Store2,2021-09-11,08:00:00,18:00:00,10
WorkHour77,Store2,2023-01-16,09:00:00,19:00:00,10
WorkHour78,Store6,2021-05-19,08:00:00,18:00:00,10
WorkHour79,Store7,2022-12-11,08:00:00,20:00:00,12
WorkHour80,Store1,2021-11-02,09:00:00,20:00:00,11
WorkHour81,Store2,2021-06-21,09:00:00,19:00:00,10
WorkHour82,Store8,2022-06-10,08:00:00,21:00:00,13
WorkHour83,Store8,2021-11-24,08:00:00,20:00:00,12
WorkHour84,Store5,2021-06-02,09:00:00,18:00:00,9
WorkHour85,Store8,2022-12-09,09:00:00,20:00:00,11
WorkHour86,Store5,2022-08-30,10:00:00,18:00:00,8
WorkHour87,Store8,2023-05-03,10:00:00,18:00:00,8
WorkHour88,Store5,2021-11-07,09:00:00,18:00:00,9
WorkHour89,Store7,2022-08-13,09:00:00,20:00:00,11
WorkHour90,Store4,2023-01-02,08:00:00,19:00:00,11
WorkHour91,Store4,2022-02-13,10:00:00,18:00:00,8
WorkHour92,Store8,2022-12-20,08:00:00,20:00:00,12
WorkHour93,Store7,2021-07-03,10:00:00,21:00:00,11
WorkHour94,Store3,2022-09-19,08:00:00,19:00:00,11
WorkHour95,Store2,2021-08-26,10:00:00,20:00:00,10
WorkHour96,Store6,2022-02-10,09:00:00,19:00:00,10
WorkHour97,Store5,2022-07-17,09:00:00,20:00:00,11
WorkHour98,Store2,2022-08-05,09:00:00,18:00:00,9
WorkHour99,Store8,2021-03-28,08:00:00,21:00:00,13
WorkHour100,Store7,2023-03-01,10:00:00,20:00:00,10
WorkHour101,Store3,2023-01-15,08:00:00,19:00:00,11
WorkHour102,Store7,2022-01-05,09:00:00,21:00:00,12
WorkHour103,Store3,2023-06-19,10:00:00,21:00:00,11
WorkHour104,Store5,2021-02-13,10:00:00,21:00:00,11
WorkHour105,Store2,2022-04-11,08:00:00,18:00:00,10
WorkHour106,Store3,2023-07-02,09:00:00,18:00:00,9
WorkHour107,Store1,2022-04-18,08:00:00,20:00:00,12
WorkHour108,Store4,2023-09-16,08:00:00,18:00:00,10
WorkHour109,Store2,2021-06-22,09:00:00,21:00:00,12
WorkHour110,Store5,2021-08-24,09:00:00,19:00:00,10
WorkHour111,Store3,2023-12-06,08:00:00,21:00:00,13
WorkHour112,Store3,2021-08-21,10:00:00,21:00:00,11
WorkHour113,Store3,2022-02-21,09:00:00,18:00:00,9
WorkHour114,Store4,2021-09-23,09:00:00,19:00:00,10
WorkHour115,Store2,2021-07-09,09:00:00,21:00:00,12
WorkHour116,Store3,2021-12-23,09:00:00,19:00:00,10
WorkHour117,Store6,2021-05-19,10:00:00,19:00:00,9
WorkHour118,Store4,2022-07-01,10:00:00,21:00:00,11
WorkHour119,Store1,2023-06-04,08:00:00,18:00:00,10
WorkHour120,Store2,2021-03-14,08:00:00,18:00:00,10
WorkHour121,Store5,2021-06-12,09:00:00,20:00:00,11
WorkHour122,Store2,2021-08-11,08:00:00,21:00:00,13
WorkHour123,Store3,2021-07-04,10:00:00,21:00:00,11
WorkHour124,Store7,2021-04-05,09:00:00,19:00:00,10
WorkHour125,Store5,2022-11-15,09:00:00,19:00:00,10
WorkHour126,Store6,2023-09-03,09:00:00,20:00:00,11
WorkHour127,Store8,2022-10-16,08:00:00,20:00:00,12
WorkHour128,Store2,2022-05-12,09:00:00,19:00:00,10
WorkHour129,Store5,2021-03-02,09:00:00,19:00:00,10
WorkHour130,Store2,2023-05-11,10:00:00,20:00:00,10
WorkHour131,Store6,2021-03-13,09:00:00,18:00:00,9
WorkHour132,Store1,2022-04-27,08:00:00,20:00:00,12
WorkHour133,Store1,2021-04-25,09:00:00,19:00:00,10
WorkHour134,Store1,2023-06-30,08:00:00,21:00:00,13
WorkHour135,Store2,2022-07-08,10:00:00,19:00:00,9
WorkHour136,Store5,2022-07-02,10:00:00,18:00:00,8
WorkHour137,Store1,2021-05-20,09:00:00,19:00:00,10
WorkHour138,Store4,2022-02-11,10:00:00,19:00:00,9
WorkHour139,Store4,2022-05-05,09:00:00,20:00:00,11
WorkHour140,Store8,2023-06-16,10:00:00,18:00:00,8
WorkHour141,Store1,2021-07-24,10:00:00,20:00:00,10
WorkHour142,Store1,2021-10-22,08:00:00,21:00:00,13
WorkHour143,Store8,2023-05-11,08:00:00,21:00:00,13
WorkHour144,Store3,2022-08-05,09:00:00,18:00:00,9
WorkHour145,Store7,2022-11-02,09:00:00,21:00:00,12
WorkHour146,Store4,2023-06-24,08:00:00,21:00:00,13
WorkHour147,Store8,2021-01-18,10:00:00,19:00:00,9
WorkHour148,Store7,2023-01-06,09:00:00,20:00:00,11
WorkHour149,Store4,2022-09-13,10:00:00,20:00:00,10
WorkHour150,Store1,2022-10-05,08:00:00,20:00:00,12
WorkHour151,Store8,2022-06-26,10:00:00,18:00:00,8
WorkHour152,Store6,2021-07-17,10:00:00,19:00:00,9
WorkHour153,Store3,2021-04-01,09:00:00,19:00:00,10
WorkHour154,Store5,2023-10-23,10:00:00,18:00:00,8
WorkHour155,Store3,2023-02-27,08:00:00,20:00:00,12
WorkHour156,Store8,2023-09-04,10:00:00,19:00:00,9
WorkHour157,Store3,2022-09-01,08:00:00,19:00:00,11
WorkHour158,Store4,2022-04-10,08:00:00,20:00:00,12
WorkHour159,Store1,2023-02-16,09:00:00,21:00:00,12
WorkHour160,Store1,2023-10-25,08:00:00,18:00:00,10
WorkHour161,Store7,2022-07-06,08:00:00,19:00:00,11
WorkHour162,Store1,2023-06-28,09:00:00,20:00:00,11
WorkHour163,Store3,2021-08-29,09:00:00,21:00:00,12
WorkHour164,Store7,2023-03-20,09:00:00,20:00:00,11
WorkHour165,Store7,2023-06-15,08:00:00,20:00:00,12
WorkHour166,Store3,2023-10-05,09:00:00,21:00:00,12
WorkHour167,Store6,2023-12-21,08:00:00,18:00:00,10
WorkHour168,Store2,2023-12-22,08:00:00,19:00:00,11
WorkHour169,Store8,2023-02-06,08:00:00,18:00:00,10
WorkHour170,Store5,2021-02-12,09:00:00,18:00:00,9
WorkHour171,Store2,2023-05-25,08:00:00,20:00:00,12
WorkHour172,Store6,2022-02-17,08:00:00,20:00:00,12
WorkHour173,Store5,2022-01-18,09:00:00,20:00:00,11
WorkHour174,Store7,2021-06-14,09:00:00,18:00:00,9
WorkHour175,Store2,2022-12-10,08:00:00,19:00:00,11
WorkHour176,Store2,2021-10-29,08:00:00,20:00:00,12
WorkHour177,Store2,2023-02-13,08:00:00,21:00:00,13
WorkHour178,Store2,2023-12-08,09:00:00,19:00:00,10
WorkHour179,Store3,2022-01-03,09:00:00,19:00:00,10
WorkHour180,Store5,2022-10-10,10:00:00,19:00:00,9
WorkHour181,Store6,2023-11-22,09:00:00,21:00:00,12
WorkHour182,Store2,2022-05-22,08:00:00,21:00:00,13
WorkHour183,Store2,2022-09-05,09:00:00,20:00:00,11
WorkHour184,Store6,2021-03-18,09:00:00,19:00:00,10
WorkHour185,Store1,2022-12-08,10:00:00,18:00:00,8
WorkHour186,Store3,2021-03-09,10:00:00,18:00:00,8
WorkHour187,Store4,2023-11-18,08:00:00,18:00:00,10
WorkHour188,Store1,2023-07-25,10:00:00,20:00:00,10
WorkHour189,Store6,2022-02-04,08:00:00,18:00:00,10
WorkHour190,Store4,2021-02-26,08:00:00,19:00:00,11
WorkHour191,Store2,2022-07-21,08:00:00,20:00:00,12
WorkHour192,Store5,2022-09-10,08:00:00,20:00:00,12
WorkHour193,Store7,2021-12-08,10:00:00,21:00:00,11
WorkHour194,Store4,2022-02-27,08:00:00,19:00:00,11
WorkHour195,Store8,2022-03-15,08:00:00,18:00:00,10
WorkHour196,Store7,2022-02-18,09:00:00,19:00:00,10
WorkHour197,Store7,2023-05-22,08:00:00,19:00:00,11
WorkHour198,Store8,2021-05-13,09:00:00,20:00:00,11
WorkHour199,Store8,2022-03-05,10:00:00,18:00:00,8
WorkHour200,Store4,2022-12-05,09:00:00,18:00:00,9
WorkHour201,Store4,2021-09-25,10:00:00,18:00:00,8
WorkHour202,Store7,2021-04-17,10:00:00,21:00:00,11
WorkHour203,Store5,2021-03-07,09:00:00,19:00:00,10
WorkHour204,Store1,2023-10-04,10:00:00,20:00:00,10
WorkHour205,Store3,2023-12-12,10:00:00,20:00:00,10
WorkHour206,Store5,2022-12-12,10:00:00,20:00:00,10
WorkHour207,Store1,2021-10-15,09:00:00,18:00:00,9
WorkHour208,Store2,2021-08-20,10:00:00,18:00:00,8
WorkHour209,Store1,2022-01-25,08:00:00,20:00:00,12
WorkHour210,Store4,2023-11-12,09:00:00,19:00:00,10
WorkHour211,Store1,2022-12-30,08:00:00,20:00:00,12
WorkHour212,Store7,2022-11-18,09:00:00,19:00:00,10
WorkHour213,Store1,2023-06-28,08:00:00,20:00:00,12
WorkHour214,Store7,2022-06-05,10:00:00,19:00:00,9
WorkHour215,Store8,2021-12-28,08:00:00,20:00:00,12
WorkHour216,Store2,2021-02-28,08:00:00,21:00:00,13
WorkHour217,Store2,2022-04-30,08:00:00,21:00:00,13
WorkHour218,Store1,2023-03-09,09:00:00,18:00:00,9
WorkHour219,Store5,2021-12-06,10:00:00,18:00:00,8
WorkHour220,Store7,2022-05-01,10:00:00,18:00:00,8
WorkHour221,Store2,2022-11-20,08:00:00,18:00:00,10
WorkHour222,Store4,2023-11-06,08:00:00,20:00:00,12
WorkHour223,Store7,2021-05-01,09:00:00,21:00:00,12
WorkHour224,Store5,2021-11-26,08:00:00,18:00:00,10
WorkHour225,Store6,2021-03-25,08:00:00,19:00:00,11
WorkHour226,Store1,2023-01-15,08:00:00,19:00:00,11
WorkHour227,Store6,2022-01-21,09:00:00,18:00:00,9
WorkHour228,Store7,2021-11-19,08:00:00,18:00:00,10
WorkHour229,Store8,2022-03-24,08:00:00,18:00:00,10
WorkHour230,Store4,2023-06-23,08:00:00,20:00:00,12
WorkHour231,Store4,2021-03-14,09:00:00,19:00:00,10
WorkHour232,Store8,2021-09-12,09:00:00,19:00:00,10
WorkHour233,Store8,2023-05-10,10:00:00,19:00:00,9
WorkHour234,Store5,2023-07-06,09:00:00,21:00:00,12
WorkHour235,Store1,2023-10-20,10:00:00,20:00:00,10
WorkHour236,Store4,2023-05-15,10:00:00,21:00:00,11
WorkHour237,Store6,2023-06-19,08:00:00,20:00:00,12
WorkHour238,Store7,2023-09-12,10:00:00,19:00:00,9
WorkHour239,Store6,2023-04-10,08:00:00,19:00:00,11
WorkHour240,Store2,2022-08-31,09:00:00,21:00:00,12
WorkHour241,Store8,2022-08-11,09:00:00,19:00:00,10
WorkHour242,Store2,2021-01-02,10:00:00,18:00:00,8
WorkHour243,Store5,2022-01-18,08:00:00,20:00:00,12
WorkHour244,Store7,2022-11-21,10:00:00,19:00:00,9
WorkHour245,Store7,2021-07-23,10:00:00,18:00:00,8
WorkHour246,Store7,2021-01-26,09:00:00,21:00:00,12
WorkHour247,Store2,2021-04-18,10:00:00,19:00:00,9
WorkHour248,Store7,2023-05-18,08:00:00,19:00:00,11
WorkHour249,Store3,2021-10-01,09:00:00,20:00:00,11
WorkHour250,Store1,2021-01-17,09:00:00,19:00:00,10
WorkHour251,Store4,2021-10-25,10:00:00,20:00:00,10
WorkHour252,Store4,2022-08-16,10:00:00,21:00:00,11
WorkHour253,Store5,2023-05-26,10:00:00,20:00:00,10
WorkHour254,Store5,2023-11-17,08:00:00,21:00:00,13
WorkHour255,Store4,2021-07-02,10:00:00,19:00:00,9
WorkHour256,Store2,2022-11-06,08:00:00,18:00:00,10
WorkHour257,Store5,2022-03-25,10:00:00,21:00:00,11
WorkHour258,Store3,2022-08-11,10:00:00,19:00:00,9
WorkHour259,Store5,2022-02-24,09:00:00,21:00:00,12
WorkHour260,Store2,2021-08-28,09:00:00,19:00:00,10
WorkHour261,Store1,2022-05-27,08:00:00,19:00:00,11
WorkHour262,Store3,2023-03-15,10:00:00,18:00:00,8
WorkHour263,Store5,2022-03-15,08:00:00,20:00:00,12
WorkHour264,Store1,2023-02-11,09:00:00,18:00:00,9
WorkHour265,Store1,2023-10-18,09:00:00,21:00:00,12
WorkHour266,Store8,2022-06-07,09:00:00,18:00:00,9
WorkHour267,Store8,2022-07-25,09:00:00,19:00:00,10
WorkHour268,Store6,2022-12-15,08:00:00,19:00:00,11
WorkHour269,Store4,2021-04-23,10:00:00,18:00:00,8
WorkHour270,Store2,2022-02-09,08:00:00,21:00:00,13
WorkHour271,Store4,2021-08-24,10:00:00,20:00:00,10
WorkHour272,Store6,2023-10-27,09:00:00,20:00:00,11
WorkHour273,Store2,2021-12-31,08:00:00,19:00:00,11
WorkHour274,Store6,2023-04-27,10:00:00,20:00:00,10
WorkHour275,Store1,2023-04-30,10:00:00,20:00:00,10
WorkHour276,Store5,2021-02-21,09:00:00,21:00:00,12
WorkHour277,Store2,2021-10-27,10:00:00,20:00:00,10
WorkHour278,Store2,2023-05-13,10:00:00,18:00:00,8
WorkHour279,Store1,2023-12-22,08:00:00,21:00:00,13
WorkHour280,Store3,2021-03-25,09:00:00,18:00:00,9
WorkHour281,Store1,2023-10-16,09:00:00,19:00:00,10
WorkHour282,Store6,2023-07-13,10:00:00,21:00:00,11
WorkHour283,Store1,2023-06-09,10:00:00,20:00:00,10
WorkHour284,Store8,2023-07-04,09:00:00,21:00:00,12
WorkHour285,Store2,2022-05-18,09:00:00,19:00:00,10
WorkHour286,Store1,2022-11-25,09:00:00,18:00:00,9
WorkHour287,Store4,2021-04-09,10:00:00,19:00:00,9
WorkHour288,Store1,2023-06-29,10:00:00,21:00:00,11
WorkHour289,Store5,2023-02-02,09:00:00,18:00:00,9
WorkHour290,Store7,2021-11-11,09:00:00,18:00:00,9
WorkHour291,Store1,2021-09-04,10:00:00,21:00:00,11
WorkHour292,Store1,2021-09-22,10:00:00,19:00:00,9
WorkHour293,Store7,2022-03-01,10:00:00,20:00:00,10
WorkHour294,Store5,2023-03-06,08:00:00,19:00:00,11
WorkHour295,Store3,2023-12-18,09:00:00,20:00:00,11
WorkHour296,Store8,2021-11-20,08:00:00,19:00:00,11
WorkHour297,Store3,2023-03-03,08:00:00,21:00:00,13
WorkHour298,Store8,2023-04-28,10:00:00,19:00:00,9
WorkHour299,Store3,2021-03-03,09:00:00,19:00:00,10
WorkHour300,Store4,2022-08-16,10:00:00,21:00:00,11
WorkHour301,Store5,2023-08-21,10:00:00,21:00:00,11
WorkHour302,Store4,2023-05-19,10:00:00,18:00:00,8
WorkHour303,Store4,2022-05-30,10:00:00,19:00:00,9
WorkHour304,Store6,2023-01-18,09:00:00,21:00:00,12
WorkHour305,Store4,2021-02-20,09:00:00,21:00:00,12
WorkHour306,Store5,2022-09-09,10:00:00,18:00:00,8
WorkHour307,Store2,2021-04-09,08:00:00,21:00:00,13
WorkHour308,Store2,2021-11-19,10:00:00,18:00:00,8
WorkHour309,Store3,2022-08-15,08:00:00,21:00:00,13
WorkHour310,Store4,2022-02-08,08:00:00,18:00:00,10
WorkHour311,Store7,2021-06-04,10:00:00,19:00:00,9
WorkHour312,Store3,2022-06-26,09:00:00,21:00:00,12
WorkHour313,Store4,2021-05-26,10:00:00,21:00:00,11
WorkHour314,Store3,2023-07-15,09:00:00,19:00:00,10
WorkHour315,Store1,2023-05-14,08:00:00,19:00:00,11
WorkHour316,Store5,2022-12-03,09:00:00,19:00:00,10
WorkHour317,Store4,2023-02-28,09:00:00,18:00:00,9
WorkHour318,Store8,2021-09-14,09:00:00,21:00:00,12
WorkHour319,Store6,2022-12-16,10:00:00,21:00:00,11
WorkHour320,Store4,2022-03-15,08:00:00,20:00:00,12
WorkHour321,Store4,2022-06-21,08:00:00,20:00:00,12
WorkHour322,Store5,2021-06-24,09:00:00,21:00:00,12
WorkHour323,Store1,2022-12-14,08:00:00,18:00:00,10
WorkHour324,Store8,2022-05-06,09:00:00,18:00:00,9
WorkHour325,Store2,2022-08-28,09:00:00,20:00:00,11
WorkHour326,Store5,2022-07-16,09:00:00,20:00:00,11
WorkHour327,Store1,2021-08-07,09:00:00,20:00:00,11
WorkHour328,Store3,2023-10-18,10:00:00,20:00:00,10
WorkHour329,Store4,2021-02-26,09:00:00,20:00:00,11
WorkHour330,Store7,2023-01-13,08:00:00,19:00:00,11
WorkHour331,Store4,2021-12-04,10:00:00,21:00:00,11
WorkHour332,Store2,2022-12-20,08:00:00,21:00:00,13
WorkHour333,Store3,2023-09-17,10:00:00,20:00:00,10
WorkHour334,Store1,2023-07-13,09:00:00,21:00:00,12
WorkHour335,Store8,2021-10-29,10:00:00,21:00:00,11
WorkHour336,Store8,2023-10-10,08:00:00,19:00:00,11
WorkHour337,Store3,2021-09-04,10:00:00,19:00:00,9
WorkHour338,Store3,2021-01-16,10:00:00,18:00:00,8
WorkHour339,Store2,2021-07-30,09:00:00,18:00:00,9
WorkHour340,Store1,2023-03-28,09:00:00,20:00:00,11
WorkHour341,Store2,2023-11-12,10:00:00,18:00:00,8
WorkHour342,Store1,2022-09-10,09:00:00,20:00:00,11
WorkHour343,Store5,2021-04-29,09:00:00,18:00:00,9
WorkHour344,Store8,2022-05-21,10:00:00,21:00:00,11
WorkHour345,Store5,2022-03-13,08:00:00,21:00:00,13
WorkHour346,Store7,2023-03-14,09:00:00,18:00:00,9
WorkHour347,Store4,2021-04-13,10:00:00,21:00:00,11
WorkHour348,Store2,2022-12-06,10:00:00,21:00:00,11
WorkHour349,Store5,2023-04-05,10:00:00,20:00:00,10
WorkHour350,Store8,2023-12-07,08:00:00,21:00:00,13
WorkHour351,Store7,2021-10-31,08:00:00,18:00:00,10
WorkHour352,Store6,2021-06-16,08:00:00,21:00:00,13
WorkHour353,Store8,2022-05-09,09:00:00,20:00:00,11
WorkHour354,Store8,2021-03-28,10:00:00,18:00:00,8
WorkHour355,Store3,2021-04-30,10:00:00,20:00:00,10
WorkHour356,Store3,2023-08-04,08:00:00,21:00:00,13
WorkHour357,Store5,2021-12-19,09:00:00,21:00:00,12
WorkHour358,Store2,2021-12-16,09:00:00,21:00:00,12
WorkHour359,Store4,2023-10-15,10:00:00,19:00:00,9
WorkHour360,Store7,2023-02-09,08:00:00,20:00:00,12
WorkHour361,Store3,2023-11-16,10:00:00,18:00:00,8
WorkHour362,Store4,2021-11-18,08:00:00,21:00:00,13
WorkHour363,Store3,2021-10-23,08:00:00,19:00:00,11
WorkHour364,Store7,2021-05-11,10:00:00,19:00:00,9
WorkHour365,Store1,2021-01-17,08:00:00,20:00:00,12
WorkHour366,Store8,2023-02-09,08:00:00,21:00:00,13
WorkHour367,Store5,2023-07-25,08:00:00,20:00:00,12
WorkHour368,Store2,2023-07-11,08:00:00,21:00:00,13
WorkHour369,Store3,2021-07-04,09:00:00,21:00:00,12
WorkHour370,Store5,2023-12-09,08:00:00,21:00:00,13
WorkHour371,Store4,2023-04-04,08:00:00,19:00:00,11
WorkHour372,Store2,2021-03-17,08:00:00,20:00:00,12
WorkHour373,Store2,2022-06-12,10:00:00,20:00:00,10
WorkHour374,Store5,2023-10-27,09:00:00,20:00:00,11
WorkHour375,Store5,2021-02-03,08:00:00,18:00:00,10
WorkHour376,Store7,2021-02-28,08:00:00,18:00:00,10
WorkHour377,Store5,2023-12-27,10:00:00,19:00:00,9
WorkHour378,Store1,2021-09-12,09:00:00,19:00:00,10
WorkHour379,Store1,2022-02-07,09:00:00,19:00:00,10
WorkHour380,Store2,2021-02-01,09:00:00,20:00:00,11
WorkHour381,Store8,2021-01-10,08:00:00,20:00:00,12
WorkHour382,Store5,2023-01-01,09:00:00,21:00:00,12
WorkHour383,Store6,2022-08-12,10:00:00,20:00:00,10
WorkHour384,Store6,2022-06-16,10:00:00,19:00:00,9
WorkHour385,Store1,2023-11-17,08:00:00,19:00:00,11
WorkHour386,Store2,2023-06-11,08:00:00,21:00:00,13
WorkHour387,Store3,2022-09-20,08:00:00,18:00:00,10
WorkHour388,Store8,2023-06-30,08:00:00,20:00:00,12
WorkHour389,Store7,2022-03-05,10:00:00,20:00:00,10
WorkHour390,Store8,2021-10-21,08:00:00,18:00:00,10
WorkHour391,Store6,2022-03-20,08:00:00,19:00:00,11
WorkHour392,Store5,2021-10-15,08:00:00,19:00:00,11
WorkHour393,Store1,2021-11-02,08:00:00,19:00:00,11
WorkHour394,Store2,2023-12-31,10:00:00,20:00:00,10
WorkHour395,Store5,2021-06-12,09:00:00,18:00:00,9
WorkHour396,Store2,2022-08-11,08:00:00,18:00:00,10
WorkHour397,Store3,2022-09-23,10:00:00,19:00:00,9
WorkHour398,Store6,2023-03-10,09:00:00,20:00:00,11
WorkHour399,Store2,2022-09-01,10:00:00,18:00:00,8
WorkHour400,Store7,2022-11-24,09:00:00,20:00:00,11
WorkHour401,Store7,2023-10-22,10:00:00,21:00:00,11
WorkHour402,Store2,2022-04-21,08:00:00,19:00:00,11
WorkHour403,Store3,2023-08-22,09:00:00,19:00:00,10
WorkHour404,Store4,2021-03-06,10:00:00,21:00:00,11
WorkHour405,Store7,2023-06-30,08:00:00,18:00:00,10
WorkHour406,Store5,2022-09-07,08:00:00,19:00:00,11
WorkHour407,Store3,2022-02-26,09:00:00,18:00:00,9
WorkHour408,Store7,2023-10-02,10:00:00,19:00:00,9
WorkHour409,Store6,2023-10-13,08:00:00,21:00:00,13
WorkHour410,Store3,2021-01-07,10:00:00,21:00:00,11
WorkHour411,Store8,2023-08-31,08:00:00,18:00:00,10
WorkHour412,Store6,2023-10-17,08:00:00,19:00:00,11
WorkHour413,Store8,2021-04-14,08:00:00,19:00:00,11
WorkHour414,Store5,2022-04-09,09:00:00,20:00:00,11
WorkHour415,Store6,2023-04-28,10:00:00,20:00:00,10
WorkHour416,Store2,2021-12-17,09:00:00,19:00:00,10
WorkHour417,Store1,2022-01-01,09:00:00,18:00:00,9
WorkHour418,Store5,2021-07-01,09:00:00,21:00:00,12
WorkHour419,Store8,2021-08-31,09:00:00,19:00:00,10
WorkHour420,Store3,2021-08-08,09:00:00,20:00:00,11
WorkHour421,Store2,2022-03-05,08:00:00,21:00:00,13
WorkHour422,Store6,2023-03-19,08:00:00,18:00:00,10
WorkHour423,Store4,2021-02-04,08:00:00,19:00:00,11
WorkHour424,Store2,2022-11-06,09:00:00,19:00:00,10
WorkHour425,Store1,2023-05-12,08:00:00,21:00:00,13
WorkHour426,Store2,2022-02-12,08:00:00,21:00:00,13
WorkHour427,Store7,2021-01-04,08:00:00,20:00:00,12
WorkHour428,Store1,2021-12-27,09:00:00,18:00:00,9
WorkHour429,Store4,2023-09-17,10:00:00,21:00:00,11
WorkHour430,Store4,2022-08-13,10:00:00,18:00:00,8
WorkHour431,Store2,2023-11-26,08:00:00,18:00:00,10
WorkHour432,Store5,2021-12-01,09:00:00,19:00:00,10
WorkHour433,Store5,2021-10-12,10:00:00,21:00:00,11
WorkHour434,Store5,2023-11-26,08:00:00,21:00:00,13
WorkHour435,Store6,2022-01-30,09:00:00,20:00:00,11
WorkHour436,Store6,2022-07-21,10:00:00,19:00:00,9
WorkHour437,Store4,2023-12-09,10:00:00,21:00:00,11
WorkHour438,Store7,2022-04-08,09:00:00,21:00:00,12
WorkHour439,Store1,2021-12-21,10:00:00,20:00:00,10
WorkHour440,Store6,2021-12-09,08:00:00,20:00:00,12
WorkHour441,Store6,2021-02-24,08:00:00,18:00:00,10
WorkHour442,Store3,2023-04-22,09:00:00,19:00:00,10
WorkHour443,Store2,2021-09-17,09:00:00,18:00:00,9
WorkHour444,Store6,2023-05-27,08:00:00,20:00:00,12
WorkHour445,Store6,2023-07-10,09:00:00,21:00:00,12
WorkHour446,Store1,2023-09-25,10:00:00,21:00:00,11
WorkHour447,Store3,2023-07-04,10:00:00,20:00:00,10
WorkHour448,Store4,2023-06-23,10:00:00,18:00:00,8
WorkHour449,Store3,2021-09-27,10:00:00,18:00:00,8
WorkHour450,Store7,2023-08-24,09:00:00,20:00:00,11
WorkHour451,Store4,2023-04-19,10:00:00,21:00:00,11
WorkHour452,Store4,2021-07-04,09:00:00,19:00:00,10
WorkHour453,Store6,2021-12-31,08:00:00,18:00:00,10
WorkHour454,Store6,2022-12-21,10:00:00,19:00:00,9
WorkHour455,Store6,2023-10-29,09:00:00,21:00:00,12
WorkHour456,Store1,2022-10-16,08:00:00,20:00:00,12
WorkHour457,Store5,2023-06-21,10:00:00,18:00:00,8
WorkHour458,Store7,2023-10-15,10:00:00,18:00:00,8
WorkHour459,Store5,2021-11-19,10:00:00,21:00:00,11
WorkHour460,Store1,2023-06-25,09:00:00,20:00:00,11
WorkHour461,Store8,2021-04-12,09:00:00,18:00:00,9
WorkHour462,Store2,2023-03-06,08:00:00,21:00:00,13
WorkHour463,Store4,2021-03-16,10:00:00,18:00:00,8
WorkHour464,Store2,2023-01-14,08:00:00,19:00:00,11
WorkHour465,Store7,2021-08-24,09:00:00,18:00:00,9
WorkHour466,Store4,2023-06-07,10:00:00,21:00:00,11
WorkHour467,Store6,2022-12-28,08:00:00,19:00:00,11
WorkHour468,Store4,2023-03-22,10:00:00,18:00:00,8
WorkHour469,Store8,2021-11-25,09:00:00,18:00:00,9
WorkHour470,Store6,2023-04-16,08:00:00,20:00:00,12
WorkHour471,Store5,2022-01-05,10:00:00,20:00:00,10
WorkHour472,Store8,2021-09-16,10:00:00,18:00:00,8
WorkHour473,Store7,2021-08-16,10:00:00,19:00:00,9
WorkHour474,Store5,2022-01-12,08:00:00,20:00:00,12
WorkHour475,Store4,2021-05-25,09:00:00,20:00:00,11
WorkHour476,Store7,2021-03-21,09:00:00,20:00:00,11
WorkHour477,Store7,2023-11-29,08:00:00,21:00:00,13
WorkHour478,Store6,2022-12-07,10:00:00,18:00:00,8
WorkHour479,Store5,2022-12-10,08:00:00,19:00:00,11
WorkHour480,Store5,2021-04-07,08:00:00,19:00:00,11
WorkHour481,Store6,2021-09-03,09:00:00,18:00:00,9
WorkHour482,Store8,2021-11-29,08:00:00,20:00:00,12
WorkHour483,Store8,2023-02-04,10:00:00,19:00:00,9
WorkHour484,Store3,2021-10-05,09:00:00,21:00:00,12
WorkHour485,Store7,2023-10-29,09:00:00,21:00:00,12
WorkHour486,Store7,2021-09-09,10:00:00,19:00:00,9
WorkHour487,Store3,2023-06-15,08:00:00,21:00:00,13
WorkHour488,Store6,2021-01-18,09:00:00,18:00:00,9
WorkHour489,Store4,2022-01-25,08:00:00,21:00:00,13
WorkHour490,Store7,2023-10-25,10:00:00,21:00:00,11
WorkHour491,Store5,2023-01-19,09:00:00,19:00:00,10
WorkHour492,Store7,2021-01-12,10:00:00,21:00:00,11
WorkHour493,Store7,2023-02-09,09:00:00,19:00:00,10
WorkHour494,Store8,2021-09-16,10:00:00,20:00:00,10
WorkHour495,Store3,2022-03-05,08:00:00,20:00:00,12
WorkHour496,Store2,2022-08-20,10:00:00,21:00:00,11
WorkHour497,Store4,2021-10-22,10:00:00,20:00:00,10
WorkHour498,Store4,2021-07-25,10:00:00,19:00:00,9
WorkHour499,Store7,2021-08-10,10:00:00,20:00:00,10
WorkHour500,Store2,2023-11-03,10:00:00,18:00:00,8
WorkHour501,Store4,2021-02-09,08:00:00,20:00:00,12
WorkHour502,Store5,2022-05-20,08:00:00,20:00:00,12
WorkHour503,Store7,2022-08-24,09:00:00,19:00:00,10
WorkHour504,Store8,2022-09-05,10:00:00,20:00:00,10
WorkHour505,Store3,2022-06-06,08:00:00,21:00:00,13
WorkHour506,Store1,2021-11-01,10:00:00,18:00:00,8
WorkHour507,Store7,2022-08-19,10:00:00,20:00:00,10
WorkHour508,Store3,2021-07-21,09:00:00,20:00:00,11
WorkHour509,Store6,2022-07-16,10:00:00,21:00:00,11
WorkHour510,Store2,2022-02-16,08:00:00,18:00:00,10
WorkHour511,Store1,2021-08-08,09:00:00,18:00:00,9
WorkHour512,Store6,2021-11-20,09:00:00,20:00:00,11
WorkHour513,Store8,2022-09-03,09:00:00,19:00:00,10
WorkHour514,Store6,2021-12-06,10:00:00,18:00:00,8
WorkHour515,Store8,2021-05-14,09:00:00,18:00:00,9
WorkHour516,Store5,2023-04-08,08:00:00,19:00:00,11
WorkHour517,Store5,2023-04-29,08:00:00,18:00:00,10
WorkHour518,Store7,2021-05-27,09:00:00,18:00:00,9
WorkHour519,Store8,2022-03-09,09:00:00,19:00:00,10
WorkHour520,Store7,2022-01-22,09:00:00,20:00:00,11
WorkHour521,Store3,2023-11-24,10:00:00,19:00:00,9
WorkHour522,Store7,2021-03-03,09:00:00,21:00:00,12
WorkHour523,Store4,2022-03-20,09:00:00,21:00:00,12
WorkHour524,Store6,2021-07-15,10:00:00,20:00:00,10
WorkHour525,Store4,2021-03-28,09:00:00,21:00:00,12
WorkHour526,Store2,2023-06-10,09:00:00,21:00:00,12
WorkHour527,Store4,2023-07-14,08:00:00,18:00:00,10
WorkHour528,Store5,2021-06-21,08:00:00,18:00:00,10
WorkHour529,Store1,2022-02-03,08:00:00,20:00:00,12
WorkHour530,Store6,2023-03-24,10:00:00,21:00:00,11
WorkHour531,Store3,2021-11-27,08:00:00,21:00:00,13
WorkHour532,Store7,2021-09-09,08:00:00,19:00:00,11
WorkHour533,Store3,2023-10-30,09:00:00,18:00:00,9
WorkHour534,Store3,2023-02-02,10:00:00,19:00:00,9
WorkHour535,Store4,2021-02-04,09:00:00,21:00:00,12
WorkHour536,Store1,2023-02-17,09:00:00,20:00:00,11
WorkHour537,Store4,2023-07-23,10:00:00,21:00:00,11
WorkHour538,Store4,2022-10-31,10:00:00,20:00:00,10
WorkHour539,Store8,2022-12-11,09:00:00,20:00:00,11
WorkHour540,Store6,2022-12-31,09:00:00,19:00:00,10
WorkHour541,Store5,2022-09-20,09:00:00,21:00:00,12
WorkHour542,Store6,2021-03-18,10:00:00,19:00:00,9
WorkHour543,Store7,2022-01-09,09:00:00,21:00:00,12
WorkHour544,Store5,2021-02-22,09:00:00,20:00:00,11
WorkHour545,Store6,2021-09-15,08:00:00,18:00:00,10
WorkHour546,Store6,2021-05-12,08:00:00,21:00:00,13
WorkHour547,Store4,2022-08-18,08:00:00,20:00:00,12
WorkHour548,Store6,2023-07-17,08:00:00,18:00:00,10
WorkHour549,Store2,2021-09-06,08:00:00,21:00:00,13
WorkHour550,Store7,2022-02-02,09:00:00,18:00:00,9
WorkHour551,Store7,2021-03-10,09:00:00,21:00:00,12
WorkHour552,Store2,2023-07-10,10:00:00,21:00:00,11
WorkHour553,Store2,2022-10-16,10:00:00,18:00:00,8
WorkHour554,Store6,2022-10-14,10:00:00,19:00:00,9
WorkHour555,Store8,2023-08-03,09:00:00,18:00:00,9
WorkHour556,Store8,2021-12-06,08:00:00,18:00:00,10
WorkHour557,Store4,2022-01-09,09:00:00,20:00:00,11
WorkHour558,Store7,2023-06-04,09:00:00,18:00:00,9
WorkHour559,Store1,2021-09-14,10:00:00,21:00:00,11
WorkHour560,Store8,2022-05-31,10:00:00,21:00:00,11
WorkHour561,Store8,2023-04-27,10:00:00,18:00:00,8
WorkHour562,Store2,2021-11-04,10:00:00,20:00:00,10
WorkHour563,Store8,2022-08-25,09:00:00,21:00:00,12
WorkHour564,Store5,2023-01-02,10:00:00,19:00:00,9
WorkHour565,Store3,2022-05-06,08:00:00,18:00:00,10
WorkHour566,Store8,2022-10-01,09:00:00,19:00:00,10
WorkHour567,Store3,2022-09-30,08:00:00,20:00:00,12
WorkHour568,Store4,2022-12-08,09:00:00,19:00:00,10
WorkHour569,Store3,2021-07-17,09:00:00,18:00:00,9
WorkHour570,Store7,2023-10-29,10:00:00,19:00:00,9
WorkHour571,Store8,2022-10-19,08:00:00,21:00:00,13
WorkHour572,Store4,2021-01-16,09:00:00,19:00:00,10
WorkHour573,Store3,2023-06-25,08:00:00,20:00:00,12
WorkHour574,Store1,2022-04-09,09:00:00,20:00:00,11
WorkHour575,Store1,2023-07-04,09:00:00,20:00:00,11
WorkHour576,Store1,2023-03-29,09:00:00,21:00:00,12
WorkHour577,Store1,2023-04-08,08:00:00,20:00:00,12
WorkHour578,Store8,2022-08-03,09:00:00,21:00:00,12
WorkHour579,Store2,2021-06-09,08:00:00,20:00:00,12
WorkHour580,Store7,2023-04-28,08:00:00,20:00:00,12
WorkHour581,Store5,2022-05-13,10:00:00,20:00:00,10
WorkHour582,Store1,2022-04-09,08:00:00,21:00:00,13
WorkHour583,Store6,2021-12-08,09:00:00,20:00:00,11
WorkHour584,Store2,2022-05-23,09:00:00,21:00:00,12
WorkHour585,Store4,2021-05-31,09:00:00,21:00:00,12
WorkHour586,Store3,2023-10-19,09:00:00,21:00:00,12
WorkHour587,Store3,2022-07-29,08:00:00,19:00:00,11
WorkHour588,Store2,2023-06-05,10:00:00,20:00:00,10
WorkHour589,Store6,2023-06-14,08:00:00,21:00:00,13
WorkHour590,Store6,2022-11-27,09:00:00,19:00:00,10
WorkHour591,Store8,2021-08-01,08:00:00,18:00:00,10
WorkHour592,Store3,2022-08-08,10:00:00,21:00:00,11
WorkHour593,Store6,2023-03-07,10:00:00,21:00:00,11
WorkHour594,Store1,2022-10-28,10:00:00,20:00:00,10
WorkHour595,Store7,2021-07-07,10:00:00,21:00:00,11
WorkHour596,Store3,2023-02-07,10:00:00,18:00:00,8
WorkHour597,Store1,2023-09-14,08:00:00,21:00:00,13
WorkHour598,Store1,2021-07-02,10:00:00,21:00:00,11
WorkHour599,Store3,2022-01-19,10:00:00,20:00:00,10
WorkHour600,Store7,2021-01-25,09:00:00,21:00:00,12
WorkHour601,Store2,2023-07-06,10:00:00,18:00:00,8
WorkHour602,Store4,2021-02-07,08:00:00,19:00:00,11
WorkHour603,Store8,2021-10-29,09:00:00,20:00:00,11
WorkHour604,Store2,2021-04-10,08:00:00,19:00:00,11
WorkHour605,Store5,2022-10-21,09:00:00,18:00:00,9
WorkHour606,Store5,2022-03-22,10:00:00,21:00:00,11
WorkHour607,Store1,2022-04-15,08:00:00,19:00:00,11
WorkHour608,Store1,2021-02-24,09:00:00,20:00:00,11
WorkHour609,Store2,2022-08-07,08:00:00,19:00:00,11
WorkHour610,Store7,2023-01-25,09:00:00,21:00:00,12
WorkHour611,Store2,2021-05-07,10:00:00,19:00:00,9
WorkHour612,Store1,2023-12-28,08:00:00,18:00:00,10
WorkHour613,Store6,2021-06-02,08:00:00,21:00:00,13
WorkHour614,Store4,2021-08-14,08:00:00,21:00:00,13
WorkHour615,Store4,2023-04-18,10:00:00,21:00:00,11
WorkHour616,Store5,2022-11-23,10:00:00,18:00:00,8
WorkHour617,Store6,2022-02-23,09:00:00,20:00:00,11
WorkHour618,Store4,2022-05-30,08:00:00,18:00:00,10
WorkHour619,Store3,2021-10-16,09:00:00,21:00:00,12
WorkHour620,Store1,2021-07-20,09:00:00,21:00:00,12
WorkHour621,Store2,2023-05-23,10:00:00,19:00:00,9
WorkHour622,Store1,2022-10-29,08:00:00,18:00:00,10
WorkHour623,Store8,2023-02-08,10:00:00,20:00:00,10
WorkHour624,Store3,2021-06-17,08:00:00,21:00:00,13
WorkHour625,Store4,2023-07-03,09:00:00,18:00:00,9
WorkHour626,Store1,2022-01-15,10:00:00,21:00:00,11
WorkHour627,Store3,2023-11-01,10:00:00,20:00:00,10
WorkHour628,Store6,2021-12-23,08:00:00,20:00:00,12
WorkHour629,Store4,2023-03-24,09:00:00,19:00:00,10
WorkHour630,Store7,2021-05-11,10:00:00,19:00:00,9
WorkHour631,Store5,2021-07-24,09:00:00,19:00:00,10
WorkHour632,Store6,2021-11-12,10:00:00,20:00:00,10
WorkHour633,Store5,2022-08-27,10:00:00,18:00:00,8
WorkHour634,Store5,2022-05-01,10:00:00,18:00:00,8
WorkHour635,Store6,2021-04-21,09:00:00,20:00:00,11
WorkHour636,Store3,2021-09-04,09:00:00,20:00:00,11
WorkHour637,Store3,2022-02-16,09:00:00,18:00:00,9
WorkHour638,Store2,2022-07-27,09:00:00,21:00:00,12
WorkHour639,Store2,2022-03-26,09:00:00,18:00:00,9
WorkHour640,Store5,2023-06-08,09:00:00,20:00:00,11
WorkHour641,Store1,2023-01-14,09:00:00,18:00:00,9
WorkHour642,Store4,2021-05-05,08:00:00,18:00:00,10
WorkHour643,Store2,2023-07-30,09:00:00,20:00:00,11
WorkHour644,Store4,2021-09-17,09:00:00,21:00:00,12
WorkHour645,Store6,2022-06-19,08:00:00,20:00:00,12
WorkHour646,Store8,2021-03-21,08:00:00,19:00:00,11
WorkHour647,Store1,2021-09-29,09:00:00,19:00:00,10
WorkHour648,Store5,2022-02-06,09:00:00,18:00:00,9
WorkHour649,Store7,2023-12-13,09:00:00,20:00:00,11
WorkHour650,Store4,2021-09-29,08:00:00,21:00:00,13
WorkHour651,Store6,2023-06-15,10:00:00,18:00:00,8
WorkHour652,Store8,2021-08-16,10:00:00,20:00:00,10
WorkHour653,Store5,2022-01-06,10:00:00,18:00:00,8
WorkHour654,Store7,2022-12-13,10:00:00,18:00:00,8
WorkHour655,Store4,2021-07-11,10:00:00,20:00:00,10
WorkHour656,Store1,2023-09-07,09:00:00,21:00:00,12
WorkHour657,Store2,2023-11-13,10:00:00,21:00:00,11
WorkHour658,Store3,2022-05-03,09:00:00,19:00:00,10
WorkHour659,Store5,2023-01-04,08:00:00,21:00:00,13
WorkHour660,Store2,2023-04-29,08:00:00,19:00:00,11
WorkHour661,Store4,2021-12-14,10:00:00,20:00:00,10
WorkHour662,Store6,2023-02-05,08:00:00,18:00:00,10
WorkHour663,Store6,2022-11-13,09:00:00,18:00:00,9
WorkHour664,Store2,2022-07-31,10:00:00,21:00:00,11
WorkHour665,Store3,2022-06-14,10:00:00,18:00:00,8
WorkHour666,Store5,2023-11-04,09:00:00,20:00:00,11
WorkHour667,Store5,2021-01-19,09:00:00,21:00:00,12
WorkHour668,Store2,2022-09-13,09:00:00,21:00:00,12
WorkHour669,Store8,2021-01-02,10:00:00,19:00:00,9
WorkHour670,Store8,2021-12-03,08:00:00,20:00:00,12
WorkHour671,Store1,2021-10-13,08:00:00,19:00:00,11
WorkHour672,Store4,2021-09-11,08:00:00,21:00:00,13
WorkHour673,Store2,2022-08-20,08:00:00,19:00:00,11
WorkHour674,Store1,2022-09-30,10:00:00,20:00:00,10
WorkHour675,Store5,2023-10-31,09:00:00,19:00:00,10
WorkHour676,Store4,2023-07-08,08:00:00,21:00:00,13
WorkHour677,Store5,2023-03-31,10:00:00,19:00:00,9
WorkHour678,Store3,2022-11-12,10:00:00,21:00:00,11
WorkHour679,Store6,2023-03-27,08:00:00,21:00:00,13
WorkHour680,Store7,2023-04-17,09:00:00,19:00:00,10
WorkHour681,Store1,2023-08-05,09:00:00,18:00:00,9
WorkHour682,Store8,2022-04-18,10:00:00,20:00:00,10
WorkHour683,Store3,2022-04-17,09:00:00,21:00:00,12
WorkHour684,Store3,2022-11-27,10:00:00,18:00:00,8
WorkHour685,Store3,2021-08-17,09:00:00,20:00:00,11
WorkHour686,Store8,2021-02-18,08:00:00,18:00:00,10
WorkHour687,Store8,2022-12-28,09:00:00,19:00:00,10
WorkHour688,Store1,2023-08-22,08:00:00,21:00:00,13
WorkHour689,Store4,2021-04-28,08:00:00,18:00:00,10
WorkHour690,Store7,2022-09-02,10:00:00,18:00:00,8
WorkHour691,Store5,2021-02-06,08:00:00,20:00:00,12
WorkHour692,Store4,2021-07-06,10:00:00,20:00:00,10
WorkHour693,Store6,2022-04-04,08:00:00,21:00:00,13
WorkHour694,Store4,2023-09-18,08:00:00,18:00:00,10
WorkHour695,Store4,2023-02-17,08:00:00,21:00:00,13
WorkHour696,Store5,2023-05-20,09:00:00,20:00:00,11
WorkHour697,Store5,2023-05-02,09:00:00,21:00:00,12
WorkHour698,Store1,2022-02-12,08:00:00,19:00:00,11
WorkHour699,Store6,2023-10-16,10:00:00,21:00:00,11
WorkHour700,Store2,2021-03-12,08:00:00,19:00:00,11
WorkHour701,Store8,2021-05-29,10:00:00,21:00:00,11
WorkHour702,Store8,2023-06-28,08:00:00,21:00:00,13
WorkHour703,Store5,2023-02-16,08:00:00,19:00:00,11
WorkHour704,Store5,2021-06-04,10:00:00,20:00:00,10
WorkHour705,Store6,2023-08-07,10:00:00,21:00:00,11
WorkHour706,Store2,2022-12-22,09:00:00,20:00:00,11
WorkHour707,Store5,2023-12-11,10:00:00,18:00:00,8
WorkHour708,Store4,2023-07-25,08:00:00,20:00:00,12
WorkHour709,Store6,2023-01-31,10:00:00,18:00:00,8
WorkHour710,Store5,2023-04-06,09:00:00,20:00:00,11
WorkHour711,Store1,2021-05-23,08:00:00,20:00:00,12
WorkHour712,Store5,2023-12-30,08:00:00,18:00:00,10
WorkHour713,Store2,2023-09-19,08:00:00,19:00:00,11
WorkHour714,Store4,2023-10-19,10:00:00,20:00:00,10
WorkHour715,Store2,2022-12-07,08:00:00,18:00:00,10
WorkHour716,Store8,2021-09-14,08:00:00,20:00:00,12
WorkHour717,Store6,2023-04-22,10:00:00,20:00:00,10
WorkHour718,Store5,2022-09-12,08:00:00,20:00:00,12
WorkHour719,Store5,2022-07-03,10:00:00,20:00:00,10
WorkHour720,Store7,2022-07-13,10:00:00,21:00:00,11
WorkHour721,Store1,2021-12-11,09:00:00,20:00:00,11
WorkHour722,Store4,2022-01-14,08:00:00,18:00:00,10
WorkHour723,Store5,2021-05-12,10:00:00,20:00:00,10
WorkHour724,Store7,2022-12-18,09:00:00,18:00:00,9
WorkHour725,Store1,2021-03-18,10:00:00,18:00:00,8
WorkHour726,Store1,2023-12-26,08:00:00,19:00:00,11
WorkHour727,Store2,2023-07-22,09:00:00,18:00:00,9
WorkHour728,Store4,2023-01-24,10:00:00,18:00:00,8
WorkHour729,Store3,2021-05-27,09:00:00,19:00:00,10
WorkHour730,Store6,2021-03-08,08:00:00,20:00:00,12
WorkHour731,Store7,2022-04-17,10:00:00,21:00:00,11
WorkHour732,Store1,2021-05-31,08:00:00,19:00:00,11
WorkHour733,Store3,2021-01-04,10:00:00,21:00:00,11
WorkHour734,Store2,2023-11-08,09:00:00,20:00:00,11
WorkHour735,Store1,2022-06-08,08:00:00,20:00:00,12
WorkHour736,Store6,2021-09-13,09:00:00,21:00:00,12
WorkHour737,Store8,2023-11-25,10:00:00,21:00:00,11
WorkHour738,Store4,2023-07-12,10:00:00,18:00:00,8
WorkHour739,Store8,2022-07-09,08:00:00,20:00:00,12
WorkHour740,Store3,2022-08-13,08:00:00,19:00:00,11
WorkHour741,Store4,2021-11-19,10:00:00,19:00:00,9
WorkHour742,Store3,2022-03-29,09:00:00,20:00:00,11
WorkHour743,Store7,2023-05-11,10:00:00,21:00:00,11
WorkHour744,Store2,2021-12-25,09:00:00,21:00:00,12
WorkHour745,Store1,2021-02-21,08:00:00,19:00:00,11
WorkHour746,Store1,2022-06-13,09:00:00,21:00:00,12
WorkHour747,Store2,2022-12-24,10:00:00,19:00:00,9
WorkHour748,Store8,2021-02-02,09:00:00,18:00:00,9
WorkHour749,Store6,2022-03-12,08:00:00,18:00:00,10
WorkHour750,Store6,2023-09-24,09:00:00,18:00:00,9
WorkHour751,Store5,2023-04-29,10:00:00,20:00:00,10
WorkHour752,Store3,2023-03-24,10:00:00,21:00:00,11
WorkHour753,Store6,2021-03-18,09:00:00,18:00:00,9
WorkHour754,Store6,2022-08-03,10:00:00,19:00:00,9
WorkHour755,Store3,2023-12-10,08:00:00,18:00:00,10
WorkHour756,Store5,2022-03-18,09:00:00,21:00:00,12
WorkHour757,Store8,2022-11-01,09:00:00,19:00:00,10
WorkHour758,Store2,2022-04-08,09:00:00,18:00:00,9
WorkHour759,Store4,2022-01-12,10:00:00,21:00:00,11
WorkHour760,Store4,2022-06-30,09:00:00,19:00:00,10
WorkHour761,Store2,2022-03-12,09:00:00,18:00:00,9
WorkHour762,Store4,2023-10-18,09:00:00,18:00:00,9
WorkHour763,Store2,2022-12-25,09:00:00,21:00:00,12
WorkHour764,Store3,2023-06-11,08:00:00,18:00:00,10
WorkHour765,Store7,2023-07-28,10:00:00,21:00:00,11
WorkHour766,Store3,2021-06-04,08:00:00,18:00:00,10
WorkHour767,Store7,2021-09-26,09:00:00,19:00:00,10
WorkHour768,Store5,2021-06-09,10:00:00,18:00:00,8
WorkHour769,Store7,2021-11-19,09:00:00,20:00:00,11
WorkHour770,Store6,2023-11-04,08:00:00,18:00:00,10
WorkHour771,Store2,2021-04-30,09:00:00,21:00:00,12
WorkHour772,Store6,2021-12-14,08:00:00,18:00:00,10
WorkHour773,Store4,2021-02-15,08:00:00,20:00:00,12
WorkHour774,Store2,2022-04-14,10:00:00,19:00:00,9
WorkHour775,Store1,2022-09-14,09:00:00,20:00:00,11
WorkHour776,Store5,2021-08-07,09:00:00,19:00:00,10
WorkHour777,Store1,2023-10-01,09:00:00,20:00:00,11
WorkHour778,Store5,2023-08-19,10:00:00,20:00:00,10
WorkHour779,Store5,2022-05-27,08:00:00,20:00:00,12
WorkHour780,Store5,2022-01-16,10:00:00,19:00:00,9
WorkHour781,Store7,2022-07-20,10:00:00,18:00:00,8
WorkHour782,Store1,2022-07-20,08:00:00,21:00:00,13
WorkHour783,Store8,2023-10-25,09:00:00,18:00:00,9
WorkHour784,Store5,2023-01-22,08:00:00,20:00:00,12
WorkHour785,Store2,2021-07-20,08:00:00,19:00:00,11
WorkHour786,Store2,2021-09-13,08:00:00,19:00:00,11
WorkHour787,Store8,2021-07-18,09:00:00,18:00:00,9
WorkHour788,Store1,2021-03-14,08:00:00,19:00:00,11
WorkHour789,Store7,2023-08-09,10:00:00,19:00:00,9
WorkHour790,Store7,2022-11-19,08:00:00,20:00:00,12
WorkHour791,Store3,2021-08-07,08:00:00,19:00:00,11
WorkHour792,Store3,2022-02-11,10:00:00,19:00:00,9
WorkHour793,Store1,2023-03-06,09:00:00,20:00:00,11
WorkHour794,Store8,2023-03-04,10:00:00,18:00:00,8
WorkHour795,Store7,2021-07-27,09:00:00,21:00:00,12
WorkHour796,Store5,2021-04-02,09:00:00,21:00:00,12
WorkHour797,Store5,2022-06-16,09:00:00,21:00:00,12
WorkHour798,Store5,2023-12-13,09:00:00,18:00:00,9
WorkHour799,Store1,2021-03-24,10:00:00,19:00:00,9
WorkHour800,Store5,2022-02-14,09:00:00,20:00:00,11
WorkHour801,Store2,2022-03-20,10:00:00,18:00:00,8
WorkHour802,Store5,2021-05-10,08:00:00,21:00:00,13
WorkHour803,Store1,2023-02-10,10:00:00,19:00:00,9
WorkHour804,Store5,2021-07-03,08:00:00,21:00:00,13
WorkHour805,Store2,2022-08-01,10:00:00,21:00:00,11
WorkHour806,Store6,2022-10-27,08:00:00,21:00:00,13
WorkHour807,Store8,2021-12-31,10:00:00,18:00:00,8
WorkHour808,Store8,2021-07-15,10:00:00,19:00:00,9
WorkHour809,Store1,2023-11-05,10:00:00,21:00:00,11
WorkHour810,Store3,2021-07-29,10:00:00,18:00:00,8
WorkHour811,Store1,2021-05-15,08:00:00,20:00:00,12
WorkHour812,Store4,2022-08-17,09:00:00,20:00:00,11
WorkHour813,Store3,2022-05-19,10:00:00,18:00:00,8
WorkHour814,Store3,2022-04-22,08:00:00,20:00:00,12
WorkHour815,Store8,2022-03-20,10:00:00,21:00:00,11
WorkHour816,Store1,2022-11-15,09:00:00,18:00:00,9
WorkHour817,Store4,2021-05-03,08:00:00,18:00:00,10
WorkHour818,Store3,2022-05-09,08:00:00,20:00:00,12
WorkHour819,Store6,2022-01-25,08:00:00,19:00:00,11
WorkHour820,Store5,2021-03-04,10:00:00,20:00:00,10
WorkHour821,Store4,2022-06-04,10:00:00,21:00:00,11
WorkHour822,Store8,2021-09-02,09:00:00,19:00:00,10
WorkHour823,Store4,2021-06-14,09:00:00,19:00:00,10
WorkHour824,Store6,2023-08-13,10:00:00,21:00:00,11
WorkHour825,Store6,2021-10-11,10:00:00,19:00:00,9
WorkHour826,Store1,2022-12-12,08:00:00,18:00:00,10
WorkHour827,Store1,2023-07-21,10:00:00,19:00:00,9
WorkHour828,Store1,2022-10-17,08:00:00,19:00:00,11
WorkHour829,Store4,2023-04-02,09:00:00,20:00:00,11
WorkHour830,Store2,2021-07-16,10:00:00,18:00:00,8
WorkHour831,Store1,2021-10-12,09:00:00,21:00:00,12
WorkHour832,Store2,2021-04-25,10:00:00,18:00:00,8
WorkHour833,Store3,2023-08-22,10:00:00,19:00:00,9
WorkHour834,Store5,2023-01-23,08:00:00,20:00:00,12
WorkHour835,Store6,2023-06-13,10:00:00,21:00:00,11
WorkHour836,Store5,2022-05-21,09:00:00,21:00:00,12
WorkHour837,Store2,2023-03-02,10:00:00,19:00:00,9
WorkHour838,Store6,2021-11-27,09:00:00,18:00:00,9
WorkHour839,Store4,2023-09-23,10:00:00,20:00:00,10
WorkHour840,Store7,2022-10-29,09:00:00,18:00:00,9
WorkHour841,Store5,2021-09-22,09:00:00,18:00:00,9
WorkHour842,Store2,2022-08-05,09:00:00,21:00:00,12
WorkHour843,Store1,2022-11-22,10:00:00,18:00:00,8
WorkHour844,Store2,2022-04-26,08:00:00,18:00:00,10
WorkHour845,Store3,2023-10-27,09:00:00,21:00:00,12
WorkHour846,Store6,2022-10-06,09:00:00,21:00:00,12
WorkHour847,Store2,2023-02-10,08:00:00,18:00:00,10
WorkHour848,Store1,2021-10-09,09:00:00,21:00:00,12
WorkHour849,Store7,2021-10-17,09:00:00,20:00:00,11
WorkHour850,Store2,2021-07-24,10:00:00,20:00:00,10
WorkHour851,Store1,2023-06-23,08:00:00,18:00:00,10
WorkHour852,Store6,2021-11-28,09:00:00,19:00:00,10
WorkHour853,Store1,2022-02-07,10:00:00,21:00:00,11
WorkHour854,Store3,2021-02-01,10:00:00,19:00:00,9
WorkHour855,Store8,2021-07-11,10:00:00,21:00:00,11
WorkHour856,Store3,2022-02-11,10:00:00,21:00:00,11
WorkHour857,Store5,2022-08-26,08:00:00,18:00:00,10
WorkHour858,Store7,2021-02-04,08:00:00,20:00:00,12
WorkHour859,Store1,2021-11-28,10:00:00,19:00:00,9
WorkHour860,Store1,2023-10-17,08:00:00,20:00:00,12
WorkHour861,Store7,2023-12-12,10:00:00,20:00:00,10
WorkHour862,Store8,2021-01-17,09:00:00,19:00:00,10
WorkHour863,Store7,2023-05-04,09:00:00,21:00:00,12
WorkHour864,Store1,2021-01-09,10:00:00,19:00:00,9
WorkHour865,Store8,2021-06-29,09:00:00,20:00:00,11
WorkHour866,Store5,2021-01-03,10:00:00,19:00:00,9
WorkHour867,Store4,2022-11-25,09:00:00,18:00:00,9
WorkHour868,Store3,2021-06-16,09:00:00,21:00:00,12
WorkHour869,Store3,2021-01-27,08:00:00,21:00:00,13
WorkHour870,Store1,2021-04-28,10:00:00,19:00:00,9
WorkHour871,Store8,2023-01-09,08:00:00,21:00:00,13
WorkHour872,Store5,2021-12-18,10:00:00,21:00:00,11
WorkHour873,Store8,2021-07-14,09:00:00,20:00:00,11
WorkHour874,Store1,2022-10-15,10:00:00,20:00:00,10
WorkHour875,Store3,2021-11-13,10:00:00,21:00:00,11
WorkHour876,Store6,2023-01-25,10:00:00,21:00:00,11
WorkHour877,Store5,2023-12-08,10:00:00,20:00:00,10
WorkHour878,Store2,2023-11-06,09:00:00,21:00:00,12
WorkHour879,Store3,2021-01-14,09:00:00,21:00:00,12
WorkHour880,Store2,2022-01-02,08:00:00,20:00:00,12
WorkHour881,Store4,2021-08-16,10:00:00,20:00:00,10
WorkHour882,Store2,2023-09-30,08:00:00,20:00:00,12
WorkHour883,Store5,2023-01-06,09:00:00,18:00:00,9
WorkHour884,Store2,2022-07-12,09:00:00,20:00:00,11
WorkHour885,Store4,2023-12-20,10:00:00,21:00:00,11
WorkHour886,Store3,2023-05-17,10:00:00,20:00:00,10
WorkHour887,Store4,2022-10-22,08:00:00,18:00:00,10
WorkHour888,Store5,2023-12-12,09:00:00,20:00:00,11
WorkHour889,Store8,2022-10-18,08:00:00,20:00:00,12
WorkHour890,Store6,2021-06-21,09:00:00,18:00:00,9
WorkHour891,Store6,2021-11-14,09:00:00,19:00:00,10
WorkHour892,Store8,2022-09-08,08:00:00,19:00:00,11
WorkHour893,Store2,2022-05-04,09:00:00,20:00:00,11
WorkHour894,Store2,2022-10-13,09:00:00,19:00:00,10
WorkHour895,Store5,2022-11-15,08:00:00,19:00:00,11
WorkHour896,Store1,2021-05-04,09:00:00,21:00:00,12
WorkHour897,Store5,2022-12-07,08:00:00,21:00:00,13
WorkHour898,Store7,2022-04-04,10:00:00,21:00:00,11
WorkHour899,Store7,2022-11-08,09:00:00,18:00:00,9
WorkHour900,Store5,2022-10-08,08:00:00,19:00:00,11
WorkHour901,Store8,2021-06-27,09:00:00,20:00:00,11
WorkHour902,Store4,2022-06-20,09:00:00,18:00:00,9
WorkHour903,Store4,2023-05-08,08:00:00,19:00:00,11
WorkHour904,Store5,2021-11-24,10:00:00,20:00:00,10
WorkHour905,Store3,2022-08-24,08:00:00,18:00:00,10
WorkHour906,Store2,2022-11-01,09:00:00,21:00:00,12
WorkHour907,Store8,2023-02-11,10:00:00,20:00:00,10
WorkHour908,Store5,2023-04-03,10:00:00,21:00:00,11
WorkHour909,Store1,2021-10-16,09:00:00,19:00:00,10
WorkHour910,Store2,2021-08-25,08:00:00,20:00:00,12
WorkHour911,Store7,2022-03-14,08:00:00,21:00:00,13
WorkHour912,Store3,2022-03-21,09:00:00,21:00:00,12
WorkHour913,Store5,2023-12-26,08:00:00,19:00:00,11
WorkHour914,Store6,2022-12-17,08:00:00,19:00:00,11
WorkHour915,Store3,2021-04-24,08:00:00,19:00:00,11
WorkHour916,Store6,2021-07-08,10:00:00,19:00:00,9
WorkHour917,Store2,2023-05-26,10:00:00,19:00:00,9
WorkHour918,Store1,2021-10-03,08:00:00,18:00:00,10
WorkHour919,Store2,2023-07-30,09:00:00,21:00:00,12
WorkHour920,Store6,2023-06-04,09:00:00,19:00:00,10
WorkHour921,Store6,2023-02-25,09:00:00,21:00:00,12
WorkHour922,Store8,2022-12-11,09:00:00,18:00:00,9
WorkHour923,Store2,2023-07-03,08:00:00,20:00:00,12
WorkHour924,Store6,2023-10-08,08:00:00,21:00:00,13
WorkHour925,Store5,2023-08-18,09:00:00,21:00:00,12
WorkHour926,Store7,2022-08-07,08:00:00,21:00:00,13
WorkHour927,Store7,2023-01-25,09:00:00,20:00:00,11
WorkHour928,Store2,2022-04-25,09:00:00,18:00:00,9
WorkHour929,Store5,2021-01-17,10:00:00,21:00:00,11
WorkHour930,Store5,2021-02-16,09:00:00,18:00:00,9
WorkHour931,Store6,2021-01-30,10:00:00,21:00:00,11
WorkHour932,Store6,2022-01-27,09:00:00,21:00:00,12
WorkHour933,Store7,2023-11-30,08:00:00,21:00:00,13
WorkHour934,Store7,2023-07-05,10:00:00,20:00:00,10
WorkHour935,Store3,2021-10-11,08:00:00,18:00:00,10
WorkHour936,Store6,2021-02-28,09:00:00,18:00:00,9
WorkHour937,Store7,2023-08-16,10:00:00,19:00:00,9
WorkHour938,Store1,2023-10-05,09:00:00,21:00:00,12
WorkHour939,Store8,2023-11-14,09:00:00,20:00:00,11
WorkHour940,Store8,2023-01-21,08:00:00,21:00:00,13
WorkHour941,Store8,2023-12-14,10:00:00,18:00:00,8
WorkHour942,Store5,2021-11-15,08:00:00,18:00:00,10
WorkHour943,Store4,2022-12-22,08:00:00,21:00:00,13
WorkHour944,Store6,2023-12-05,10:00:00,18:00:00,8
WorkHour945,Store6,2021-12-28,08:00:00,21:00:00,13
WorkHour946,Store8,2023-02-01,09:00:00,21:00:00,12
WorkHour947,Store8,2021-01-07,10:00:00,19:00:00,9
WorkHour948,Store3,2021-03-29,10:00:00,20:00:00,10
WorkHour949,Store5,2023-08-01,10:00:00,20:00:00,10
WorkHour950,Store7,2022-03-31,10:00:00,18:00:00,8
WorkHour951,Store5,2022-06-26,10:00:00,18:00:00,8
WorkHour952,Store3,2023-09-08,10:00:00,19:00:00,9
WorkHour953,Store2,2022-01-04,09:00:00,18:00:00,9
WorkHour954,Store5,2023-10-28,10:00:00,18:00:00,8
WorkHour955,Store8,2022-11-10,08:00:00,21:00:00,13
WorkHour956,Store1,2022-01-21,08:00:00,19:00:00,11
WorkHour957,Store5,2022-11-14,08:00:00,21:00:00,13
WorkHour958,Store3,2022-01-31,10:00:00,21:00:00,11
WorkHour959,Store4,2022-06-24,08:00:00,18:00:00,10
WorkHour960,Store3,2022-09-12,09:00:00,21:00:00,12
WorkHour961,Store8,2022-08-11,08:00:00,20:00:00,12
WorkHour962,Store3,2022-12-11,10:00:00,20:00:00,10
WorkHour963,Store8,2022-07-30,09:00:00,20:00:00,11
WorkHour964,Store1,2023-05-09,09:00:00,19:00:00,10
WorkHour965,Store2,2023-06-04,09:00:00,19:00:00,10
WorkHour966,Store8,2023-06-24,08:00:00,20:00:00,12
WorkHour967,Store7,2022-05-18,08:00:00,20:00:00,12
WorkHour968,Store1,2023-07-26,10:00:00,21:00:00,11
WorkHour969,Store7,2021-02-19,09:00:00,19:00:00,10
WorkHour970,Store1,2021-08-13,10:00:00,18:00:00,8
WorkHour971,Store5,2021-03-23,10:00:00,18:00:00,8
WorkHour972,Store4,2021-07-01,10:00:00,19:00:00,9
WorkHour973,Store3,2022-06-06,09:00:00,21:00:00,12
WorkHour974,Store1,2023-06-22,09:00:00,20:00:00,11
WorkHour975,Store7,2023-07-17,10:00:00,21:00:00,11
WorkHour976,Store1,2021-08-23,09:00:00,21:00:00,12
WorkHour977,Store8,2023-04-02,08:00:00,19:00:00,11
WorkHour978,Store6,2023-01-17,09:00:00,20:00:00,11
WorkHour979,Store2,2022-06-30,08:00:00,19:00:00,11
WorkHour980,Store2,2021-02-12,09:00:00,19:00:00,10
WorkHour981,Store6,2022-01-17,10:00:00,21:00:00,11
WorkHour982,Store8,2022-02-07,10:00:00,19:00:00,9
WorkHour983,Store4,2021-02-23,08:00:00,19:00:00,11
WorkHour984,Store8,2022-10-16,08:00:00,19:00:00,11
WorkHour985,Store3,2022-07-15,09:00:00,19:00:00,10
WorkHour986,Store1,2023-02-18,08:00:00,21:00:00,13
WorkHour987,Store5,2021-06-08,10:00:00,20:00:00,10
WorkHour988,Store6,2023-08-20,09:00:00,20:00:00,11
WorkHour989,Store2,2021-05-18,08:00:00,21:00:00,13
WorkHour990,Store1,2022-06-17,10:00:00,18:00:00,8
WorkHour991,Store5,2023-06-16,10:00:00,19:00:00,9
WorkHour992,Store1,2021-09-11,09:00:00,21:00:00,12
WorkHour993,Store4,2023-01-05,09:00:00,18:00:00,9
WorkHour994,Store8,2022-12-16,09:00:00,18:00:00,9
WorkHour995,Store8,2022-06-16,09:00:00,19:00:00,10
WorkHour996,Store6,2021-10-04,08:00:00,21:00:00,13
WorkHour997,Store4,2022-02-25,09:00:00,19:00:00,10
WorkHour998,Store5,2023-09-24,08:00:00,18:00:00,10
WorkHour999,Store2,2021-02-26,10:00:00,18:00:00,8
WorkHour1000,Store6,2022-07-23,09:00:00,19:00:00,10
